ID,recipient
0,0x0888636179cB1783Ac2aaCE032521cc1129eB8f4
1,0x0888636179cB1783Ac2aaCE032521cc1129eB8f4
2,0x0888636179cB1783Ac2aaCE032521cc1129eB8f4
3,0x0888636179cB1783Ac2aaCE032521cc1129eB8f4
4,0x0888636179cB1783Ac2aaCE032521cc1129eB8f4
5,0x0888636179cB1783Ac2aaCE032521cc1129eB8f4
6,0x0888636179cB1783Ac2aaCE032521cc1129eB8f4
7,0x0888636179cB1783Ac2aaCE032521cc1129eB8f4
8,0x0888636179cB1783Ac2aaCE032521cc1129eB8f4
9,0x0888636179cB1783Ac2aaCE032521cc1129eB8f4
10,0x0888636179cB1783Ac2aaCE032521cc1129eB8f4
11,0x0888636179cB1783Ac2aaCE032521cc1129eB8f4
12,0x0888636179cB1783Ac2aaCE032521cc1129eB8f4
13,0x0888636179cB1783Ac2aaCE032521cc1129eB8f4
14,0x0888636179cB1783Ac2aaCE032521cc1129eB8f4
15,0x0888636179cB1783Ac2aaCE032521cc1129eB8f4
16,0x0888636179cB1783Ac2aaCE032521cc1129eB8f4
17,0x0888636179cB1783Ac2aaCE032521cc1129eB8f4
18,0x0888636179cB1783Ac2aaCE032521cc1129eB8f4
19,0x0888636179cB1783Ac2aaCE032521cc1129eB8f4
